{"cameraMode":{"drawMode":0,"name":"Shaded","section":"Shading Mode"},"sceneLighting":false,"audioPlay":false,"sceneViewState":{"showFog":true,"showMaterialUpdate":true,"showSkybox":true,"showFlares":true,"showImageEffects":true,"showParticleSystems":true},"in2DMode":false,"pivot":{"x":44.69734191894531,"y":-2.761974334716797,"z":-41.081581115722659},"rotation":{"x":-0.06261565536260605,"y":0.8776487112045288,"z":-0.1194850504398346,"w":-0.45992979407310488},"size":220.4447784423828,"orthographic":false}