{"cameraMode":{"drawMode":0,"name":"Shaded","section":"Shading Mode"},"sceneLighting":true,"audioPlay":false,"sceneViewState":{"showFog":true,"showMaterialUpdate":false,"showSkybox":true,"showFlares":true,"showImageEffects":true,"showParticleSystems":true},"in2DMode":false,"pivot":{"x":156.0934600830078,"y":83.89901733398438,"z":232.23741149902345},"rotation":{"x":0.11276217550039292,"y":0.832892656326294,"z":-0.509505569934845,"w":0.1843329817056656},"size":365.2486877441406,"orthographic":false}